<?xml version="1.0" encoding="UTF-8"?>
<!DOCTYPE MudletPackage>
<MudletPackage version="1.0">
    <AliasPackage>
        <Alias isActive="yes" isFolder="no">
            <name>delete old profiles</name>
            <script>deleteOldProfiles(matches[3], matches[2]==&quot;maps&quot;)

--Syntax examples: &quot;delete old profiles&quot;  -&gt; deletes profiles older than 31 days
--					&quot;delete old maps 10&quot;	-&gt; deletes maps older than 10 days</script>
            <command></command>
            <packageName></packageName>
            <regex>^delete old (profiles|maps)(?: (\d+))?$</regex>
        </Alias>
    </AliasPackage>
</MudletPackage>
